id;content_ref;title;description;likes;dislikes;upload_date;view_count;thumbnail_ref
1;deposit e-business;management;Ethiopian 4th Namibia;85270;3463;2022-08-22;57658;Outdoors Car Chicken
2;core Ghana;bluetooth quantifying;Re-engineered;3680;78356;2022-08-21;93284;Officer Equatorial model
3;Granite calculating;Dollar;Licensed Corporate;64076;34703;2022-08-21;31639;Home Delaware hacking
4;sky;system;Automotive Tennessee Grocery;60359;4498;2022-08-21;99627;bypassing Senior Franc
5;Fresh;mission-critical modular;Berkshire primary Missouri;86851;24909;2022-08-21;78893;synthesize Plastic
6;Markets Cloned;Executive South;salmon Unbranded embrace;63483;12988;2022-08-22;49402;GB dynamic
7;Consultant Bedfordshire;Product;cross-platform;61404;91064;2022-08-22;19713;reinvent
8;Organized Greenland;Nicaragua Polarised Sleek;Manors tan responsive;51513;46320;2022-08-21;65971;leading-edge
9;Bedfordshire fuchsia;Cambridgeshire blue;Branding Incredible real-time;27900;40110;2022-08-22;1107;Nevada Electronics
10;tolerance;structure Representative Future;Ports;9226;78212;2022-08-22;49829;Electronics Coordinator Metal
